{
  "h": "help",
  "rquote": "randomquote",
  "cl": "changelog",
  "choose": "pick",
  "timer": "countdown",
  "g": "google",
  "vq": "vquote",
  "tq": "tquote",
  "flaem": "flamethower",
  "play": "letsplay",
  "yt": "youtube",
  "w": "weather",
  "setcolor": "setcolour",
  "sc": "setcolour",
  "fire": "flamethower",
  "rq": "randomquote",
  "animequote": "quote",
  "alt": "alias",
  "poll": "strawpoll",
  "play": "letsplay",
  "botserver": "server",
  "i": "image",
  "imgur": "image",
  "a": "alias",
  "giphy": "gif",
  "frequest": "featurerequest",
  "calc": "calculate"
}
